{"payload":{"file_name":"/content/drive/MyDrive/tapir/main.py","message_id":1},"type":"file_name"}
{"payload":{"additional_params":{"assetId":"f73113c70fe74aa78393d24516095b2f","context":null,"extension":"py","fileName":"/usr/local/lib/python3.10/dist-packages/lightning_fabric/loggers/logger.py","overwrite":false,"runId":null,"step":null,"type":"source_code"},"clean":true,"file_path":"tmpwy3iqkym","local_timestamp":1719761934381,"message_id":2,"metadata":{"source_code_type":"experiment_creation"},"upload_type":"source_code"},"type":"file_upload"}
{"payload":{"additional_params":{"assetId":"c40dff2a7be341f2ab144a70ddbb785c","context":null,"extension":"py","fileName":"main.py","overwrite":false,"runId":null,"step":null,"type":"source_code"},"clean":true,"file_path":"tmpo8housv3","local_timestamp":1719761934385,"message_id":3,"metadata":{"source_code_type":"python_script_name"},"upload_type":"source_code"},"type":"file_upload"}
{"payload":{"installed_packages":["absl-py==1.4.0","aiohttp==3.9.5","aiosignal==1.3.1","alabaster==0.7.16","albumentations==1.3.1","alembic==1.13.2","altair==4.2.2","annotated-types==0.7.0","anyio==3.7.1","argon2-cffi==23.1.0","argon2-cffi-bindings==21.2.0","array_record==0.5.1","arviz==0.15.1","astropy==5.3.4","astunparse==1.6.3","async-timeout==4.0.3","atpublic==4.1.0","attrs==23.2.0","audioread==3.0.1","autograd==1.6.2","babel==2.15.0","backcall==0.2.0","beautifulsoup4==4.12.3","bidict==0.23.1","bigframes==1.9.0","bleach==6.1.0","blinker==1.4","blis==0.7.11","blosc2==2.0.0","bokeh==3.3.4","bqplot==0.12.43","branca==0.7.2","build==1.2.1","cachecontrol==0.14.0","cachetools==5.3.3","catalogue==1.0.2","certifi==2024.6.2","cffi==1.16.0","chardet==5.2.0","charset-normalizer==3.3.2","chex==0.1.86","click==8.1.7","click-plugins==1.1.1","cligj==0.7.2","cloudpathlib==0.18.1","cloudpickle==2.2.1","cmake==3.27.9","cmdstanpy==1.2.4","colorcet==3.1.0","colorlog==6.8.2","colorlover==0.3.0","colour==0.1.5","comet-ml==3.43.0","community==1.0.0b1","confection==0.1.5","configobj==5.0.8","cons==0.4.6","contextlib2==21.6.0","contourpy==1.2.1","cryptography==42.0.8","cuda-python==12.2.1","cudf-cu12==24.4.1","cufflinks==0.17.3","cupy-cuda12x==12.2.0","cvxopt==1.3.2","cvxpy==1.3.4","cycler==0.12.1","cymem==2.0.8","cython==3.0.10","dask==2023.8.1","datascience==0.17.6","db-dtypes==1.2.0","dbus-python==1.2.18","debugpy==1.6.6","decorator==4.4.2","defusedxml==0.7.1","distributed==2023.8.1","distro==1.7.0","dlib==19.24.4","dm-tree==0.1.8","docstring_parser==0.16","docutils==0.18.1","dopamine_rl==4.0.9","duckdb==0.10.3","dulwich==0.22.1","earthengine-api==0.1.408","easydict==1.13","ecos==2.0.14","editdistance==0.6.2","eerepr==0.0.4","en-core-web-sm==3.7.1","en-vectors-web-lg==2.3.0","entrypoints==0.4","et-xmlfile==1.1.0","etils==1.7.0","etuples==0.3.9","everett==3.1.0","exceptiongroup==1.2.1","fastai==2.7.15","fastcore==1.5.46","fastdownload==0.0.7","fastjsonschema==2.20.0","fastprogress==1.0.3","fastrlock==0.8.2","filelock==3.15.3","fiona==1.9.6","firebase-admin==5.3.0","flask==2.2.5","flatbuffers==24.3.25","flax==0.8.4","folium==0.14.0","fonttools==4.53.0","frozendict==2.4.4","frozenlist==1.4.1","fsspec==2023.6.0","future==0.18.3","gast==0.5.4","gcsfs==2023.6.0","gdal==3.6.4","gdown==5.1.0","geemap==0.32.1","gensim==4.3.2","geocoder==1.38.1","geographiclib==2.0","geopandas==0.13.2","geopy==2.3.0","gin-config==0.5.0","glob2==0.7","google==2.0.3","google-ai-generativelanguage==0.6.4","google-api-core==2.11.1","google-api-python-client==2.84.0","google-auth==2.27.0","google-auth-httplib2==0.1.1","google-auth-oauthlib==1.2.0","google-cloud-aiplatform==1.56.0","google-cloud-bigquery==3.21.0","google-cloud-bigquery-connection==1.12.1","google-cloud-bigquery-storage==2.25.0","google-cloud-core==2.3.3","google-cloud-datastore==2.15.2","google-cloud-firestore==2.11.1","google-cloud-functions==1.13.3","google-cloud-iam==2.15.0","google-cloud-language==2.13.3","google-cloud-resource-manager==1.12.3","google-cloud-storage==2.8.0","google-cloud-translate==3.11.3","google-colab==1.0.0","google-crc32c==1.5.0","google-generativeai==0.5.4","google-pasta==0.2.0","google-resumable-media==2.7.1","googleapis-common-protos==1.63.1","googledrivedownloader==0.4","graphviz==0.20.3","greenlet==3.0.3","grpc-google-iam-v1==0.13.0","grpcio==1.64.1","grpcio-status==1.48.2","gspread==6.0.2","gspread-dataframe==3.3.1","gym==0.25.2","gym-notices==0.0.8","h5netcdf==1.3.0","h5py==3.9.0","holidays==0.51","holoviews==1.17.1","html5lib==1.1","httpimport==1.3.1","httplib2==0.22.0","huggingface-hub==0.23.4","humanize==4.7.0","hyperopt==0.2.7","ibis-framework==8.0.0","idna==3.7","imageio==2.31.6","imageio-ffmpeg==0.5.1","imagesize==1.4.1","imbalanced-learn==0.10.1","imgaug==0.4.0","immutabledict==4.2.0","importlib_metadata==7.2.0","importlib_resources==6.4.0","imutils==0.5.4","inflect==7.0.0","iniconfig==2.0.0","intel-openmp==2023.2.4","ipyevents==2.0.2","ipyfilechooser==0.6.0","ipykernel==5.5.6","ipyleaflet==0.18.2","ipyparallel==8.8.0","ipython==7.34.0","ipython-genutils==0.2.0","ipython-sql==0.5.0","ipytree==0.2.2","ipywidgets==7.7.1","itsdangerous==2.2.0","jax==0.4.26","jaxlib==0.4.26+cuda12.cudnn89","jeepney==0.7.1","jellyfish==1.0.4","jieba==0.42.1","jinja2==3.1.4","joblib==1.4.2","jsonpickle==3.2.2","jsonschema==4.19.2","jsonschema-specifications==2023.12.1","jupyter-client==6.1.12","jupyter-console==6.1.0","jupyter-server==1.24.0","jupyter_core==5.7.2","jupyterlab_pygments==0.3.0","jupyterlab_widgets==3.0.11","kaggle==1.6.14","kagglehub==0.2.5","keras==2.15.0","keyring==23.5.0","kiwisolver==1.4.5","langcodes==3.4.0","language_data==1.2.0","launchpadlib==1.10.16","lazr.restfulclient==0.14.4","lazr.uri==1.0.6","lazy_loader==0.4","libclang==18.1.1","librosa==0.10.2.post1","lightgbm==4.1.0","lightning-utilities==0.11.3.post0","linkify-it-py==2.0.3","llvmlite==0.41.1","locket==1.0.0","logical-unification==0.4.6","lxml==4.9.4","mako==1.3.5","malloy==2023.1067","marisa-trie==1.2.0","markdown==3.6","markdown-it-py==3.0.0","markupsafe==2.1.5","matplotlib==3.7.1","matplotlib-inline==0.1.7","matplotlib-venn==0.11.10","mdit-py-plugins==0.4.1","mdurl==0.1.2","minikanren==1.0.3","missingno==0.5.2","mistune==0.8.4","mizani==0.9.3","mkl==2023.2.0","ml-dtypes==0.2.0","mlxtend==0.22.0","more-itertools==10.1.0","moviepy==1.0.3","mpmath==1.3.0","msgpack==1.0.8","multidict==6.0.5","multipledispatch==1.0.0","multitasking==0.0.11","murmurhash==1.0.10","music21==9.1.0","natsort==8.4.0","nbclassic==1.1.0","nbclient==0.10.0","nbconvert==6.5.4","nbformat==5.10.4","nest-asyncio==1.6.0","networkx==3.3","nibabel==4.0.2","nltk==3.8.1","notebook==6.5.5","notebook_shim==0.2.4","numba==0.58.1","numexpr==2.10.1","numpy==1.26.4","nvidia-cublas-cu12==12.1.3.1","nvidia-cuda-cupti-cu12==12.1.105","nvidia-cuda-nvrtc-cu12==12.1.105","nvidia-cuda-runtime-cu12==12.1.105","nvidia-cudnn-cu12==8.9.2.26","nvidia-cufft-cu12==11.0.2.54","nvidia-curand-cu12==10.3.2.106","nvidia-cusolver-cu12==11.4.5.107","nvidia-cusparse-cu12==12.1.0.106","nvidia-nccl-cu12==2.20.5","nvidia-nvjitlink-cu12==12.5.40","nvidia-nvtx-cu12==12.1.105","nvtx==0.2.10","oauth2client==4.1.3","oauthlib==3.2.2","opencv-contrib-python==4.8.0.76","opencv-python==4.8.0.76","opencv-python-headless==4.10.0.84","openpyxl==3.1.4","opt-einsum==3.3.0","optax==0.2.2","optuna==3.6.1","orbax-checkpoint==0.4.4","osqp==0.6.2.post8","packaging==24.1","pandas==2.0.3","pandas-datareader==0.10.0","pandas-gbq==0.19.2","pandas-stubs==2.0.3.230814","pandocfilters==1.5.1","panel==1.3.8","param==2.1.0","parso==0.8.4","parsy==2.1","partd==1.4.2","pathlib==1.0.1","patsy==0.5.6","peewee==3.17.5","pexpect==4.9.0","pickleshare==0.7.5","pillow==9.4.0","pip==23.1.2","pip-tools==6.13.0","plac==1.1.3","platformdirs==4.2.2","plotly==5.15.0","plotnine==0.12.4","pluggy==1.5.0","polars==0.20.2","pooch==1.8.2","portpicker==1.5.2","prefetch-generator==1.0.3","preshed==3.0.9","prettytable==3.10.0","proglog==0.1.10","progressbar2==4.2.0","prometheus_client==0.20.0","promise==2.3","prompt_toolkit==3.0.47","prophet==1.1.5","proto-plus==1.24.0","protobuf==3.20.3","psutil==5.9.5","psycopg2==2.9.9","ptyprocess==0.7.0","py-cpuinfo==9.0.0","py4j==0.10.9.7","pyarrow==14.0.2","pyarrow-hotfix==0.6","pyasn1==0.6.0","pyasn1_modules==0.4.0","pycocotools==2.0.8","pycparser==2.22","pydantic==2.7.4","pydantic_core==2.18.4","pydata-google-auth==1.8.2","pydot==1.4.2","pydot-ng==2.0.0","pydotplus==2.0.2","pydrive==1.3.1","pydrive2==1.6.3","pyerfa==2.0.1.4","pygame==2.5.2","pygments==2.16.1","pygobject==3.42.1","pyjwt==2.3.0","pymc==5.10.4","pymystem3==0.2.0","pynvjitlink-cu12==0.2.4","pyopengl==3.1.7","pyopenssl==24.1.0","pyparsing==3.1.2","pyperclip==1.9.0","pyproj==3.6.1","pyproject_hooks==1.1.0","pyshp==2.3.1","pysocks==1.7.1","pytensor==2.18.6","pytest==8.2.1","python-apt==0.0.0","python-box==6.1.0","python-dateutil==2.8.2","python-louvain==0.16","python-slugify==8.0.4","python-utils==3.8.2","pytorch-fast-transformers==0.4.0","pytorch-lightning==2.2.5","pytz==2023.4","pyviz_comms==3.0.2","pywavelets==1.6.0","pyyaml==6.0.1","pyzmq==24.0.1","qdldl==0.1.7.post3","qudida==0.0.4","ratelim==0.1.6","referencing==0.35.1","regex==2024.5.15","requests==2.31.0","requests-oauthlib==1.3.1","requests-toolbelt==1.0.0","requirements-parser==0.9.0","rich==13.7.1","rmm-cu12==24.4.0","rpds-py==0.18.1","rpy2==3.4.2","rsa==4.9","safetensors==0.4.3","scikit-image==0.19.3","scikit-learn==1.2.2","scipy==1.11.4","scooby==0.10.0","scs==3.2.4.post3","seaborn==0.13.1","secretstorage==3.3.1","semantic-version==2.10.0","send2trash==1.8.3","sentencepiece==0.1.99","sentry-sdk==2.7.1","seqeval==1.2.2","setuptools==67.7.2","shapely==2.0.4","shellingham==1.5.4","simple_parsing==0.1.5","simplejson==3.19.2","six==1.16.0","six==1.16.0","sklearn-pandas==2.2.0","smart-open==7.0.4","sniffio==1.3.1","snowballstemmer==2.2.0","sortedcontainers==2.4.0","soundfile==0.12.1","soupsieve==2.5","soxr==0.3.7","spacy==2.3.9","spacy-legacy==3.0.12","spacy-loggers==1.0.5","sphinx==5.0.2","sphinxcontrib-applehelp==1.0.8","sphinxcontrib-devhelp==1.0.6","sphinxcontrib-htmlhelp==2.0.5","sphinxcontrib-jsmath==1.0.1","sphinxcontrib-qthelp==1.0.7","sphinxcontrib-serializinghtml==1.1.10","sqlalchemy==2.0.31","sqlglot==20.11.0","sqlparse==0.5.0","srsly==1.0.7","stanio==0.5.0","statsmodels==0.14.2","strenum==0.4.15","sympy==1.12.1","tables==3.8.0","tabulate==0.9.0","tbb==2021.13.0","tblib==3.0.0","tenacity==8.4.1","tensorboard==2.15.2","tensorboard-data-server==0.7.2","tensorflow==2.15.0","tensorflow-datasets==4.9.6","tensorflow-estimator==2.15.0","tensorflow-gcs-config==2.15.0","tensorflow-hub==0.16.1","tensorflow-io-gcs-filesystem==0.37.0","tensorflow-metadata==1.15.0","tensorflow-probability==0.23.0","tensorstore==0.1.45","termcolor==2.4.0","terminado==0.18.1","text-unidecode==1.3","textblob==0.17.1","tf-slim==1.1.0","tf_keras==2.15.1","thinc==7.4.6","threadpoolctl==3.5.0","tifffile==2024.6.18","tinycss2==1.3.0","tokenizers==0.19.1","toml==0.10.2","tomli==2.0.1","toolz==0.12.1","torch==2.3.0+cu121","torchaudio==2.3.0+cu121","torchmetrics==1.4.0.post0","torchsummary==1.5.1","torchtext==0.18.0","torchvision==0.18.0+cu121","tornado==6.3.3","tqdm==4.66.4","traitlets==5.7.1","traittypes==0.2.1","transformers==4.41.2","triton==2.3.0","tweepy==4.14.0","typer==0.12.3","types-pytz==2024.1.0.20240417","types-setuptools==70.1.0.20240627","typing_extensions==4.12.2","tzdata==2024.1","tzlocal==5.2","uc-micro-py==1.0.3","uritemplate==4.1.1","urllib3==2.0.7","vega-datasets==0.9.0","wadllib==1.3.6","wasabi==0.10.1","wcwidth==0.2.13","weasel==0.4.1","webcolors==24.6.0","webencodings==0.5.1","websocket-client==1.8.0","werkzeug==3.0.3","wheel==0.43.0","widgetsnbextension==3.6.6","wordcloud==1.9.3","wrapt==1.14.1","wurlitzer==3.1.1","xarray==2023.7.0","xarray-einstats==0.7.0","xgboost==2.0.3","xlrd==2.0.1","xyzservices==2024.6.0","yarl==1.9.4","yellowbrick==1.5","yfinance==0.2.40","zict==3.0.0","zipp==3.19.2"],"message_id":4},"type":"installed_packages"}
{"payload":{"message_id":5,"os_packages":["adduser=3.118ubuntu5","adwaita-icon-theme=41.0-1ubuntu1","apt-utils=2.4.12","apt=2.4.12","autoconf=2.71-2","automake=1:1.16.5-1.3","autotools-dev=20220109.1","base-files=12ubuntu4.4","base-passwd=3.5.52build1","bash=5.1-6ubuntu1","binutils-common=2.38-4ubuntu2.3","binutils-x86-64-linux-gnu=2.38-4ubuntu2.3","binutils=2.38-4ubuntu2.3","blt=2.5.3+dfsg-4.1build2","bsdextrautils=2.37.2-4ubuntu3.4","bsdutils=1:2.37.2-4ubuntu3","build-essential=12.9ubuntu3","bzip2=1.0.8-5build1","ca-certificates-java=20190909ubuntu1.2","ca-certificates=20230311ubuntu0.22.04.1","clang-14=1:14.0.0-1ubuntu1.1","clang=1:14.0-55~exp2","clinfo=3.0.21.02.21-1","cmake-data=3.22.1-1ubuntu1.22.04.2","cmake=3.22.1-1ubuntu1.22.04.2","comerr-dev=2.1-1.46.5-2ubuntu1.1","coreutils=8.32-4.1ubuntu1","cpp-11=11.4.0-1ubuntu1~22.04","cpp=4:11.2.0-1ubuntu1","cuda-cccl-12-2=12.2.140-1","cuda-command-line-tools-12-2=12.2.2-1","cuda-compat-12-2=535.129.03-1","cuda-compiler-12-2=12.2.2-1","cuda-crt-12-2=12.2.140-1","cuda-cudart-12-2=12.2.140-1","cuda-cudart-dev-12-2=12.2.140-1","cuda-cuobjdump-12-2=12.2.140-1","cuda-cupti-12-2=12.2.142-1","cuda-cupti-dev-12-2=12.2.142-1","cuda-cuxxfilt-12-2=12.2.140-1","cuda-driver-dev-12-2=12.2.140-1","cuda-gdb-12-2=12.2.140-1","cuda-keyring=1.0-1","cuda-libraries-12-2=12.2.2-1","cuda-libraries-dev-12-2=12.2.2-1","cuda-minimal-build-12-2=12.2.2-1","cuda-nsight-compute-12-2=12.2.2-1","cuda-nvcc-12-2=12.2.140-1","cuda-nvdisasm-12-2=12.2.140-1","cuda-nvml-dev-12-2=12.2.140-1","cuda-nvprof-12-2=12.2.142-1","cuda-nvprune-12-2=12.2.140-1","cuda-nvrtc-12-2=12.2.140-1","cuda-nvrtc-dev-12-2=12.2.140-1","cuda-nvtx-12-2=12.2.140-1","cuda-nvvm-12-2=12.2.140-1","cuda-opencl-12-2=12.2.140-1","cuda-opencl-dev-12-2=12.2.140-1","cuda-profiler-api-12-2=12.2.140-1","cuda-sanitizer-12-2=12.2.140-1","cuda-toolkit-12-2-config-common=12.2.140-1","cuda-toolkit-12-config-common=12.3.52-1","cuda-toolkit-config-common=12.3.52-1","curl=7.81.0-1ubuntu1.16","dash=0.5.11+git20210903+057cd650a4ed-3build1","dbus-user-session=1.12.20-2ubuntu4.1","dbus=1.12.20-2ubuntu4.1","dconf-gsettings-backend=0.40.0-3","dconf-service=0.40.0-3","debconf=1.5.79ubuntu1","debianutils=5.5-1ubuntu2","default-libmysqlclient-dev=1.0.8","dh-elpa-helper=2.0.9ubuntu1","diffutils=1:3.8-0ubuntu2","dirmngr=2.2.27-3ubuntu2.1","distro-info-data=0.52ubuntu0.7","dpkg-dev=1.21.1ubuntu2.2","dpkg=1.21.1ubuntu2.2","e2fsprogs=1.46.5-2ubuntu1.1","emacsen-common=3.0.4","ffmpeg=7:4.4.2-0ubuntu0.22.04.1","file=1:5.41-3ubuntu0.1","findutils=4.8.0-1ubuntu3","fio=3.28-1","fontconfig-config=2.13.1-4.2ubuntu5","fontconfig=2.13.1-4.2ubuntu5","fonts-humor-sans=1.0-4","fonts-liberation=1:1.07.4-11","fuse=2.9.9-5ubuntu3","g++-11=11.4.0-1ubuntu1~22.04","g++=4:11.2.0-1ubuntu1","gcc-11-base=11.4.0-1ubuntu1~22.04","gcc-11=11.4.0-1ubuntu1~22.04","gcc-12-base=12.3.0-1ubuntu1~22.04","gcc=4:11.2.0-1ubuntu1","gdal-data=3.6.4+dfsg-1~jammy0","gdal-plugins=3.6.4+dfsg-1~jammy0","gfortran-11=11.4.0-1ubuntu1~22.04","gfortran=4:11.2.0-1ubuntu1","gir1.2-glib-2.0=1.72.0-1","gir1.2-packagekitglib-1.0=1.2.5-2ubuntu2","git-lfs=3.0.2-1ubuntu0.2","git-man=1:2.34.1-1ubuntu1.11","git=1:2.34.1-1ubuntu1.11","gnupg-l10n=2.2.27-3ubuntu2.1","gnupg-utils=2.2.27-3ubuntu2.1","gnupg2=2.2.27-3ubuntu2.1","gnupg=2.2.27-3ubuntu2.1","google-perftools=2.9.1-0ubuntu3","gpg-agent=2.2.27-3ubuntu2.1","gpg-wks-client=2.2.27-3ubuntu2.1","gpg-wks-server=2.2.27-3ubuntu2.1","gpg=2.2.27-3ubuntu2.1","gpgconf=2.2.27-3ubuntu2.1","gpgsm=2.2.27-3ubuntu2.1","gpgv=2.2.27-3ubuntu2.1","graphviz=2.42.2-6","grep=3.7-1build1","groff-base=1.22.4-8build1","gtk-update-icon-cache=3.24.33-1ubuntu2.1","gzip=1.10-4ubuntu4.1","hdf5-helpers=1.10.7+repack-4ubuntu2","hicolor-icon-theme=0.17-2","hostname=3.23ubuntu2","humanity-icon-theme=0.6.16","ibverbs-providers=39.0-1","icu-devtools=70.1-2","init-system-helpers=1.62","intel-mkl=2020.4.304-2ubuntu3","iproute2=5.15.0-1ubuntu2","iso-codes=4.9.0-1","java-common=0.72build2","kmod=29-1ubuntu1","krb5-multidev=1.19.2-2ubuntu0.3","less=590-1ubuntu0.22.04.3","lib32gcc-s1=12.3.0-1ubuntu1~22.04","lib32stdc++6=12.3.0-1ubuntu1~22.04","libacl1=2.3.1-1","libaec-dev=1.0.6-1","libaec0=1.0.6-1","libaio1=0.3.112-13build1","libann0=1.1.2+doc-7build1","libaom-dev=3.3.0-1","libaom3=3.3.0-1","libapparmor1=3.0.4-2ubuntu2.3","libappstream4=0.15.2-2","libapt-pkg-dev=2.4.12","libapt-pkg6.0=2.4.12","libarchive13=3.6.0-1ubuntu1.1","libargon2-1=0~20171227-0.3","libarmadillo-dev=1:10.8.2+dfsg-1","libarmadillo10=1:10.8.2+dfsg-1","libarpack2-dev=3.8.0-1","libarpack2=3.8.0-1","libasan6=11.4.0-1ubuntu1~22.04","libasound2-data=1.2.6.1-1ubuntu1","libasound2-dev=1.2.6.1-1ubuntu1","libasound2=1.2.6.1-1ubuntu1","libass9=1:0.15.2-1","libassuan0=2.5.5-1build1","libasyncns0=0.8-6build2","libatk-bridge2.0-0=2.38.0-3","libatk1.0-0=2.36.0-3build1","libatk1.0-data=2.36.0-3build1","libatlas-base-dev=3.10.3-12ubuntu1","libatlas3-base=3.10.3-12ubuntu1","libatomic1=12.3.0-1ubuntu1~22.04","libatspi2.0-0=2.44.0-3","libattr1=1:2.5.1-1build1","libaudit-common=1:3.0.7-1build1","libaudit1=1:3.0.7-1build1","libavahi-client3=0.8-5ubuntu5.2","libavahi-common-data=0.8-5ubuntu5.2","libavahi-common3=0.8-5ubuntu5.2","libavc1394-0=0.5.4-5build2","libavcodec-dev=7:4.4.2-0ubuntu0.22.04.1","libavcodec58=7:4.4.2-0ubuntu0.22.04.1","libavdevice58=7:4.4.2-0ubuntu0.22.04.1","libavfilter7=7:4.4.2-0ubuntu0.22.04.1","libavformat-dev=7:4.4.2-0ubuntu0.22.04.1","libavformat58=7:4.4.2-0ubuntu0.22.04.1","libavutil-dev=7:4.4.2-0ubuntu0.22.04.1","libavutil56=7:4.4.2-0ubuntu0.22.04.1","libbinutils=2.38-4ubuntu2.3","libblas3=3.10.0-2ubuntu1","libblkid1=2.37.2-4ubuntu3","libblocksruntime-dev=0.4.1-1.1","libblocksruntime0=0.4.1-1.1","libblosc-dev=1.21.1+ds2-2","libblosc1=1.21.1+ds2-2","libbluray2=1:1.3.1-1","libboost-all-dev=1.74.0.3ubuntu7","libboost-atomic-dev=1.74.0.3ubuntu7","libboost-atomic1.74-dev=1.74.0-14ubuntu3","libboost-atomic1.74.0=1.74.0-14ubuntu3","libboost-chrono-dev=1.74.0.3ubuntu7","libboost-chrono1.74-dev=1.74.0-14ubuntu3","libboost-chrono1.74.0=1.74.0-14ubuntu3","libboost-container-dev=1.74.0.3ubuntu7","libboost-container1.74-dev=1.74.0-14ubuntu3","libboost-container1.74.0=1.74.0-14ubuntu3","libboost-context-dev=1.74.0.3ubuntu7","libboost-context1.74-dev=1.74.0-14ubuntu3","libboost-context1.74.0=1.74.0-14ubuntu3","libboost-coroutine-dev=1.74.0.3ubuntu7","libboost-coroutine1.74-dev=1.74.0-14ubuntu3","libboost-coroutine1.74.0=1.74.0-14ubuntu3","libboost-date-time-dev=1.74.0.3ubuntu7","libboost-date-time1.74-dev=1.74.0-14ubuntu3","libboost-date-time1.74.0=1.74.0-14ubuntu3","libboost-dev=1.74.0.3ubuntu7","libboost-exception-dev=1.74.0.3ubuntu7","libboost-exception1.74-dev=1.74.0-14ubuntu3","libboost-fiber-dev=1.74.0.3ubuntu7","libboost-fiber1.74-dev=1.74.0-14ubuntu3","libboost-fiber1.74.0=1.74.0-14ubuntu3","libboost-filesystem-dev=1.74.0.3ubuntu7","libboost-filesystem1.74-dev=1.74.0-14ubuntu3","libboost-filesystem1.74.0=1.74.0-14ubuntu3","libboost-graph-dev=1.74.0.3ubuntu7","libboost-graph-parallel-dev=1.74.0.3ubuntu7","libboost-graph-parallel1.74-dev=1.74.0-14ubuntu3","libboost-graph-parallel1.74.0=1.74.0-14ubuntu3","libboost-graph1.74-dev=1.74.0-14ubuntu3","libboost-graph1.74.0=1.74.0-14ubuntu3","libboost-iostreams-dev=1.74.0.3ubuntu7","libboost-iostreams1.74-dev=1.74.0-14ubuntu3","libboost-iostreams1.74.0=1.74.0-14ubuntu3","libboost-locale-dev=1.74.0.3ubuntu7","libboost-locale1.74-dev=1.74.0-14ubuntu3","libboost-locale1.74.0=1.74.0-14ubuntu3","libboost-log-dev=1.74.0.3ubuntu7","libboost-log1.74-dev=1.74.0-14ubuntu3","libboost-log1.74.0=1.74.0-14ubuntu3","libboost-math-dev=1.74.0.3ubuntu7","libboost-math1.74-dev=1.74.0-14ubuntu3","libboost-math1.74.0=1.74.0-14ubuntu3","libboost-mpi-dev=1.74.0.3ubuntu7","libboost-mpi-python-dev=1.74.0.3ubuntu7","libboost-mpi-python1.74-dev=1.74.0-14ubuntu3","libboost-mpi-python1.74.0=1.74.0-14ubuntu3","libboost-mpi1.74-dev=1.74.0-14ubuntu3","libboost-mpi1.74.0=1.74.0-14ubuntu3","libboost-nowide-dev=1.74.0.3ubuntu7","libboost-nowide1.74-dev=1.74.0-14ubuntu3","libboost-nowide1.74.0=1.74.0-14ubuntu3","libboost-numpy-dev=1.74.0.3ubuntu7","libboost-numpy1.74-dev=1.74.0-14ubuntu3","libboost-numpy1.74.0=1.74.0-14ubuntu3","libboost-program-options-dev=1.74.0.3ubuntu7","libboost-program-options1.74-dev=1.74.0-14ubuntu3","libboost-program-options1.74.0=1.74.0-14ubuntu3","libboost-python-dev=1.74.0.3ubuntu7","libboost-python1.74-dev=1.74.0-14ubuntu3","libboost-python1.74.0=1.74.0-14ubuntu3","libboost-random-dev=1.74.0.3ubuntu7","libboost-random1.74-dev=1.74.0-14ubuntu3","libboost-random1.74.0=1.74.0-14ubuntu3","libboost-regex-dev=1.74.0.3ubuntu7","libboost-regex1.74-dev=1.74.0-14ubuntu3","libboost-regex1.74.0=1.74.0-14ubuntu3","libboost-serialization-dev=1.74.0.3ubuntu7","libboost-serialization1.74-dev=1.74.0-14ubuntu3","libboost-serialization1.74.0=1.74.0-14ubuntu3","libboost-stacktrace-dev=1.74.0.3ubuntu7","libboost-stacktrace1.74-dev=1.74.0-14ubuntu3","libboost-stacktrace1.74.0=1.74.0-14ubuntu3","libboost-system-dev=1.74.0.3ubuntu7","libboost-system1.74-dev=1.74.0-14ubuntu3","libboost-system1.74.0=1.74.0-14ubuntu3","libboost-test-dev=1.74.0.3ubuntu7","libboost-test1.74-dev=1.74.0-14ubuntu3","libboost-test1.74.0=1.74.0-14ubuntu3","libboost-thread-dev=1.74.0.3ubuntu7","libboost-thread1.74-dev=1.74.0-14ubuntu3","libboost-thread1.74.0=1.74.0-14ubuntu3","libboost-timer-dev=1.74.0.3ubuntu7","libboost-timer1.74-dev=1.74.0-14ubuntu3","libboost-timer1.74.0=1.74.0-14ubuntu3","libboost-tools-dev=1.74.0.3ubuntu7","libboost-type-erasure-dev=1.74.0.3ubuntu7","libboost-type-erasure1.74-dev=1.74.0-14ubuntu3","libboost-type-erasure1.74.0=1.74.0-14ubuntu3","libboost-wave-dev=1.74.0.3ubuntu7","libboost-wave1.74-dev=1.74.0-14ubuntu3","libboost-wave1.74.0=1.74.0-14ubuntu3","libboost1.74-dev=1.74.0-14ubuntu3","libboost1.74-tools-dev=1.74.0-14ubuntu3","libbpf0=1:0.5.0-1ubuntu22.04.1","libbrotli-dev=1.0.9-2build6","libbrotli1=1.0.9-2build6","libbs2b0=3.1.0+dfsg-2.2build1","libbsd-dev=0.11.5-1","libbsd0=0.11.5-1","libbz2-1.0=1.0.8-5build1","libbz2-dev=1.0.8-5build1","libc-bin=2.35-0ubuntu3.4","libc-dev-bin=2.35-0ubuntu3.8","libc6-dev=2.35-0ubuntu3.8","libc6-i386=2.35-0ubuntu3.8","libc6=2.35-0ubuntu3.8","libcaca0=0.99.beta19-2.2ubuntu4","libcairo-gobject2=1.16.0-5ubuntu2","libcairo2=1.16.0-5ubuntu2","libcap-ng0=0.7.9-2.2build3","libcap2-bin=1:2.44-1ubuntu0.22.04.1","libcap2=1:2.44-1ubuntu0.22.04.1","libcbor0.8=0.8.0-2ubuntu1","libcc1-0=12.3.0-1ubuntu1~22.04","libcdio-cdda2=10.2+2.0.0-1build3","libcdio-paranoia2=10.2+2.0.0-1build3","libcdio19=2.1.0-3build1","libcdt5=2.42.2-6","libcfitsio-dev=4.0.0-1","libcfitsio9=4.0.0-1","libcgraph6=2.42.2-6","libcharls2=2.3.4-1","libchromaprint1=1.5.1-2","libclang-common-14-dev=1:14.0.0-1ubuntu1.1","libclang-cpp14=1:14.0.0-1ubuntu1.1","libclang1-14=1:14.0.0-1ubuntu1.1","libcmark-gfm-extensions0.29.0.gfm.3=0.29.0.gfm.3-3","libcmark-gfm0.29.0.gfm.3=0.29.0.gfm.3-3","libcodec2-1.0=1.0.1-3","libcolord2=1.4.6-1","libcom-err2=1.46.5-2ubuntu1.1","libcrypt-dev=1:4.4.27-1","libcrypt1=1:4.4.27-1","libcryptsetup12=2:2.4.3-1ubuntu1.2","libctf-nobfd0=2.38-4ubuntu2.3","libctf0=2.38-4ubuntu2.3","libcublas-12-2=12.2.5.6-1","libcublas-dev-12-2=12.2.5.6-1","libcudnn8-dev=8.9.6.50-1+cuda12.2","libcudnn8=8.9.6.50-1+cuda12.2","libcufft-12-2=11.0.8.103-1","libcufft-dev-12-2=11.0.8.103-1","libcufile-12-2=1.7.2.10-1","libcufile-dev-12-2=1.7.2.10-1","libcups2=2.4.1op1-1ubuntu4.9","libcurand-12-2=10.3.3.141-1","libcurand-dev-12-2=10.3.3.141-1","libcurl3-gnutls=7.81.0-1ubuntu1.16","libcurl4-openssl-dev=7.81.0-1ubuntu1.16","libcurl4=7.81.0-1ubuntu1.16","libcusolver-12-2=11.5.2.141-1","libcusolver-dev-12-2=11.5.2.141-1","libcusparse-12-2=12.1.2.141-1","libcusparse-dev-12-2=12.1.2.141-1","libdatrie1=0.2.13-2","libdav1d-dev=0.9.2-1","libdav1d5=0.9.2-1","libdaxctl1=72.1-1","libdb5.3=5.3.28+dfsg1-0.8ubuntu3","libdbus-1-3=1.12.20-2ubuntu4.1","libdc1394-25=2.2.6-4","libdc1394-dev=2.2.6-4","libdconf1=0.40.0-3","libde265-0=1.0.8-1ubuntu0.3","libde265-dev=1.0.8-1ubuntu0.3","libdebconfclient0=0.261ubuntu1","libdecor-0-0=0.1.0-3build1","libdeflate-dev=1.10-2","libdeflate0=1.10-2","libdevmapper1.02.1=2:1.02.175-2.1ubuntu4","libdouble-conversion3=3.1.7-4","libdpkg-perl=1.21.1ubuntu2.2","libdrm-amdgpu1=2.4.113-2~ubuntu0.22.04.1","libdrm-common=2.4.113-2~ubuntu0.22.04.1","libdrm-intel1=2.4.113-2~ubuntu0.22.04.1","libdrm-nouveau2=2.4.113-2~ubuntu0.22.04.1","libdrm-radeon1=2.4.113-2~ubuntu0.22.04.1","libdrm2=2.4.113-2~ubuntu0.22.04.1","libdw1=0.186-1build1","libedit2=3.1-20210910-1build1","libegl-mesa0=23.2.1-1ubuntu3.1~22.04.2","libegl1=1.4.0-1","libelf1=0.186-1build1","libepoxy0=1.5.10-1","liberror-perl=0.17029-1","libevent-2.1-7=2.1.12-stable-1build3","libevent-core-2.1-7=2.1.12-stable-1build3","libevent-dev=2.1.12-stable-1build3","libevent-extra-2.1-7=2.1.12-stable-1build3","libevent-openssl-2.1-7=2.1.12-stable-1build3","libevent-pthreads-2.1-7=2.1.12-stable-1build3","libexif-dev=0.6.24-1build1","libexif12=0.6.24-1build1","libexpat1-dev=2.4.7-1ubuntu0.3","libexpat1=2.4.7-1ubuntu0.3","libext2fs2=1.46.5-2ubuntu1.1","libfabric1=1.11.0-3","libffi8=3.4.2-4","libfido2-1=1.10.0-1","libflac-dev=1.3.3-2ubuntu0.2","libflac8=1.3.3-2ubuntu0.2","libflite1=2.2-3","libfontconfig-dev=2.13.1-4.2ubuntu5","libfontconfig1-dev=2.13.1-4.2ubuntu5","libfontconfig1=2.13.1-4.2ubuntu5","libfreetype-dev=2.11.1+dfsg-1ubuntu0.2","libfreetype6-dev=2.11.1+dfsg-1ubuntu0.2","libfreetype6=2.11.1+dfsg-1ubuntu0.2","libfreexl-dev=1.0.6-1","libfreexl1=1.0.6-1","libfribidi0=1.0.8-2ubuntu3.1","libfuse2=2.9.9-5ubuntu3","libfyba-dev=4.1.1-7","libfyba0=4.1.1-7","libgbm1=23.2.1-1ubuntu3.1~22.04.2","libgc1=1:8.0.6-1.1build1","libgcc-11-dev=11.4.0-1ubuntu1~22.04","libgcc-s1=12.3.0-1ubuntu1~22.04","libgcrypt20=1.9.4-3ubuntu3","libgd3=2.3.0-2ubuntu2","libgdal-dev=3.6.4+dfsg-1~jammy0","libgdal32=3.6.4+dfsg-1~jammy0","libgdbm-compat4=1.23-1","libgdbm6=1.23-1","libgdcm-dev=3.0.10-1build2","libgdcm3.0=3.0.10-1build2","libgdk-pixbuf-2.0-0=2.42.8+dfsg-1ubuntu0.3","libgdk-pixbuf2.0-common=2.42.8+dfsg-1ubuntu0.3","libgeos-c1v5=3.11.1-1~jammy0","libgeos-dev=3.11.1-1~jammy0","libgeos3.11.1=3.11.1-1~jammy0","libgeotiff-dev=1.7.1-2~jammy0","libgeotiff5=1.7.1-2~jammy0","libgfapi0=10.1-1ubuntu0.2","libgfortran-11-dev=11.4.0-1ubuntu1~22.04","libgfortran5=12.3.0-1ubuntu1~22.04","libgfrpc0=10.1-1ubuntu0.2","libgfxdr0=10.1-1ubuntu0.2","libgif-dev=5.1.9-2ubuntu0.1","libgif7=5.1.9-2ubuntu0.1","libgirepository-1.0-1=1.72.0-1","libgit2-1.1=1.1.0+dfsg.1-4.1ubuntu0.1","libgit2-dev=1.1.0+dfsg.1-4.1ubuntu0.1","libgl1-mesa-dri=23.2.1-1ubuntu3.1~22.04.2","libgl1=1.4.0-1","libgl2ps1.4=1.4.2+dfsg1-2","libglapi-mesa=23.2.1-1ubuntu3.1~22.04.2","libgles2=1.4.0-1","libglew2.2=2.2.0-4","libglib2.0-0=2.72.4-0ubuntu2.3","libglib2.0-bin=2.72.4-0ubuntu2.3","libglib2.0-data=2.72.4-0ubuntu2.3","libglusterfs0=10.1-1ubuntu0.2","libglvnd0=1.4.0-1","libglx-mesa0=23.2.1-1ubuntu3.1~22.04.2","libglx0=1.4.0-1","libgme0=0.6.3-2","libgmp10=2:6.2.1+dfsg-3ubuntu1","libgnutls30=3.7.3-4ubuntu1.2","libgomp1=12.3.0-1ubuntu1~22.04","libgoogle-perftools4=2.9.1-0ubuntu3","libgpg-error0=1.43-3","libgphoto2-6=2.5.27-1build2","libgphoto2-dev=2.5.27-1build2","libgphoto2-port12=2.5.27-1build2","libgpm2=1.20.7-10build1","libgraphite2-3=1.3.14-1build2","libgsm1=1.0.19-1","libgssapi-krb5-2=1.19.2-2ubuntu0.3","libgssrpc4=1.19.2-2ubuntu0.3","libgstreamer-plugins-base1.0-0=1.20.1-1ubuntu0.2","libgstreamer1.0-0=1.20.3-0ubuntu1","libgtk-3-0=3.24.33-1ubuntu2.1","libgtk-3-common=3.24.33-1ubuntu2.1","libgts-0.7-5=0.7.6+darcs121130-5","libgvc6=2.42.2-6","libgvpr2=2.42.2-6","libharfbuzz0b=2.7.4-1ubuntu3.1","libhdf4-0-alt=4.2.15-4","libhdf4-alt-dev=4.2.15-4","libhdf5-103-1=1.10.7+repack-4ubuntu2","libhdf5-cpp-103-1=1.10.7+repack-4ubuntu2","libhdf5-dev=1.10.7+repack-4ubuntu2","libhdf5-fortran-102=1.10.7+repack-4ubuntu2","libhdf5-hl-100=1.10.7+repack-4ubuntu2","libhdf5-hl-cpp-100=1.10.7+repack-4ubuntu2","libhdf5-hl-fortran-100=1.10.7+repack-4ubuntu2","libheif-dev=1.12.0-2build1","libheif1=1.12.0-2build1","libhogweed6=3.7.3-1build2","libhttp-parser-dev=2.9.4-4","libhttp-parser2.9=2.9.4-4","libhwloc-dev=2.7.0-2ubuntu1","libhwloc-plugins=2.7.0-2ubuntu1","libhwloc15=2.7.0-2ubuntu1","libibverbs-dev=39.0-1","libibverbs1=39.0-1","libice6=2:1.0.10-1build2","libicu-dev=70.1-2","libicu70=70.1-2","libidn2-0=2.3.2-2build1","libiec61883-0=1.2.0-4build3","libilmbase-dev=2.5.7-2","libilmbase25=2.5.7-2","libio-pty-perl=1:1.15-2build2","libip4tc2=1.8.7-1ubuntu5.2","libipc-run-perl=20200505.0-1","libisl23=0.24-2build1","libitm1=12.3.0-1ubuntu1~22.04","libjack-dev=1:0.125.0-3build2","libjack0=1:0.125.0-3build2","libjbig-dev=2.1-3.1ubuntu0.22.04.1","libjbig0=2.1-3.1ubuntu0.22.04.1","libjpeg-dev=8c-2ubuntu10","libjpeg-turbo8-dev=2.1.2-0ubuntu1","libjpeg-turbo8=2.1.2-0ubuntu1","libjpeg8-dev=8c-2ubuntu10","libjpeg8=8c-2ubuntu10","libjs-highlight.js=9.18.5+dfsg1-1","libjs-jquery-ui=1.13.1+dfsg-1","libjs-jquery=3.6.0+dfsg+~3.5.13-1","libjs-sphinxdoc=4.3.2-1","libjs-underscore=1.13.2~dfsg-2","libjson-c-dev=0.15-3~ubuntu1.22.04.2","libjson-c5=0.15-3~ubuntu1.22.04.2","libjsoncpp25=1.9.5-3","libk5crypto3=1.19.2-2ubuntu0.3","libkadm5clnt-mit12=1.19.2-2ubuntu0.3","libkadm5srv-mit12=1.19.2-2ubuntu0.3","libkdb5-10=1.19.2-2ubuntu0.3","libkeyutils1=1.6.1-2ubuntu3","libkml-dev=1.3.0-9","libkmlbase1=1.3.0-9","libkmlconvenience1=1.3.0-9","libkmldom1=1.3.0-9","libkmlengine1=1.3.0-9","libkmlregionator1=1.3.0-9","libkmlxsd1=1.3.0-9","libkmod2=29-1ubuntu1","libkrb5-3=1.19.2-2ubuntu0.3","libkrb5-dev=1.19.2-2ubuntu0.3","libkrb5support0=1.19.2-2ubuntu0.3","libksba8=1.6.0-2ubuntu0.2","liblab-gamut1=2.42.2-6","liblapack-dev=3.10.0-2ubuntu1","liblapack3=3.10.0-2ubuntu1","liblcms2-2=2.12~rc1-2build2","libldap-2.5-0=2.5.16+dfsg-0ubuntu0.22.04.1","liblept5=1.82.0-3build1","liblilv-0-0=0.24.12-2","libllvm14=1:14.0.0-1ubuntu1.1","libllvm15=1:15.0.7-0ubuntu0.22.04.3","liblsan0=12.3.0-1ubuntu1~22.04","libltdl-dev=2.4.6-15build2","libltdl7=2.4.6-15build2","liblz4-1=1.9.3-2build2","liblz4-dev=1.9.3-2build2","liblzma-dev=5.2.5-2ubuntu1","liblzma5=5.2.5-2ubuntu1","libmagic-mgc=1:5.41-3ubuntu0.1","libmagic1=1:5.41-3ubuntu0.1","libmbedcrypto7=2.28.0-1build1","libmbedtls-dev=2.28.0-1build1","libmbedtls14=2.28.0-1build1","libmbedx509-1=2.28.0-1build1","libmd-dev=1.0.4-1build1","libmd0=1.0.4-1build1","libmfx1=22.3.0-1","libminizip-dev=1.1-8build1","libminizip1=1.1-8build1","libmkl-avx2=2020.4.304-2ubuntu3","libmkl-avx512-mic=2020.4.304-2ubuntu3","libmkl-avx512=2020.4.304-2ubuntu3","libmkl-avx=2020.4.304-2ubuntu3","libmkl-computational-dev=2020.4.304-2ubuntu3","libmkl-core=2020.4.304-2ubuntu3","libmkl-def=2020.4.304-2ubuntu3","libmkl-dev=2020.4.304-2ubuntu3","libmkl-gf-ilp64=2020.4.304-2ubuntu3","libmkl-gf-lp64=2020.4.304-2ubuntu3","libmkl-gnu-thread=2020.4.304-2ubuntu3","libmkl-intel-ilp64=2020.4.304-2ubuntu3","libmkl-intel-lp64=2020.4.304-2ubuntu3","libmkl-intel-thread=2020.4.304-2ubuntu3","libmkl-interface-dev=2020.4.304-2ubuntu3","libmkl-locale=2020.4.304-2ubuntu3","libmkl-mc3=2020.4.304-2ubuntu3","libmkl-mc=2020.4.304-2ubuntu3","libmkl-meta-computational=2020.4.304-2ubuntu3","libmkl-meta-interface=2020.4.304-2ubuntu3","libmkl-meta-threading=2020.4.304-2ubuntu3","libmkl-pgi-thread=2020.4.304-2ubuntu3","libmkl-rt=2020.4.304-2ubuntu3","libmkl-sequential=2020.4.304-2ubuntu3","libmkl-tbb-thread=2020.4.304-2ubuntu3","libmkl-threading-dev=2020.4.304-2ubuntu3","libmkl-vml-avx2=2020.4.304-2ubuntu3","libmkl-vml-avx512-mic=2020.4.304-2ubuntu3","libmkl-vml-avx512=2020.4.304-2ubuntu3","libmkl-vml-avx=2020.4.304-2ubuntu3","libmkl-vml-cmpt=2020.4.304-2ubuntu3","libmkl-vml-def=2020.4.304-2ubuntu3","libmkl-vml-mc2=2020.4.304-2ubuntu3","libmkl-vml-mc3=2020.4.304-2ubuntu3","libmkl-vml-mc=2020.4.304-2ubuntu3","libmnl0=1.0.4-3build2","libmount1=2.37.2-4ubuntu3","libmp3lame0=3.100-3build2","libmpc3=1.2.1-2build1","libmpdec3=2.5.1-2build2","libmpfr6=4.1.0-3build3","libmpg123-0=1.29.3-1build1","libmysofa1=1.2.1~dfsg0-1","libmysqlclient-dev=8.0.37-0ubuntu0.22.04.3","libmysqlclient21=8.0.37-0ubuntu0.22.04.3","libnccl-dev=2.19.3-1+cuda12.2","libnccl2=2.19.3-1+cuda12.2","libncurses-dev=6.3-2ubuntu0.1","libncurses5-dev=6.3-2ubuntu0.1","libncurses6=6.3-2ubuntu0.1","libncursesw6=6.3-2ubuntu0.1","libndctl6=72.1-1","libnetcdf-dev=1:4.8.1-1","libnetcdf19=1:4.8.1-1","libnettle8=3.7.3-1build2","libnghttp2-14=1.43.0-1ubuntu0.2","libnl-3-200=3.5.0-0.1","libnl-3-dev=3.5.0-0.1","libnl-route-3-200=3.5.0-0.1","libnl-route-3-dev=3.5.0-0.1","libnorm-dev=1.5.9+dfsg-2","libnorm1=1.5.9+dfsg-2","libnpp-12-2=12.2.1.4-1","libnpp-dev-12-2=12.2.1.4-1","libnpth0=1.6-3build2","libnsl-dev=1.3.0-2build2","libnsl2=1.3.0-2build2","libnspr4=2:4.35-0ubuntu0.22.04.1","libnss3=2:3.98-0ubuntu0.22.04.2","libnuma-dev=2.0.14-3ubuntu2","libnuma1=2.0.14-3ubuntu2","libnvjitlink-12-2=12.2.140-1","libnvjitlink-dev-12-2=12.2.140-1","libnvjpeg-12-2=12.2.2.4-1","libnvjpeg-dev-12-2=12.2.2.4-1","libobjc-11-dev=11.4.0-1ubuntu1~22.04","libobjc4=12.3.0-1ubuntu1~22.04","libodbc2=2.3.9-5ubuntu0.1","libodbccr2=2.3.9-5ubuntu0.1","libodbcinst2=2.3.9-5ubuntu0.1","libogdi-dev=4.1.0+ds-5","libogdi4.1=4.1.0+ds-5","libogg-dev=1.3.5-0ubuntu3","libogg0=1.3.5-0ubuntu3","libopenal-data=1:1.19.1-2build3","libopenal1=1:1.19.1-2build3","libopenblas-dev=0.3.20+ds-1","libopenblas-pthread-dev=0.3.20+ds-1","libopenblas0-pthread=0.3.20+ds-1","libopenblas0=0.3.20+ds-1","libopencv-calib3d-dev=4.5.4+dfsg-9ubuntu4+jammy0","libopencv-calib3d4.5d=4.5.4+dfsg-9ubuntu4+jammy0","libopencv-contrib-dev=4.5.4+dfsg-9ubuntu4+jammy0","libopencv-contrib4.5d=4.5.4+dfsg-9ubuntu4+jammy0","libopencv-core-dev=4.5.4+dfsg-9ubuntu4+jammy0","libopencv-core4.5d=4.5.4+dfsg-9ubuntu4+jammy0","libopencv-dev=4.5.4+dfsg-9ubuntu4+jammy0","libopencv-dnn-dev=4.5.4+dfsg-9ubuntu4+jammy0","libopencv-dnn4.5d=4.5.4+dfsg-9ubuntu4+jammy0","libopencv-features2d-dev=4.5.4+dfsg-9ubuntu4+jammy0","libopencv-features2d4.5d=4.5.4+dfsg-9ubuntu4+jammy0","libopencv-flann-dev=4.5.4+dfsg-9ubuntu4+jammy0","libopencv-flann4.5d=4.5.4+dfsg-9ubuntu4+jammy0","libopencv-highgui-dev=4.5.4+dfsg-9ubuntu4+jammy0","libopencv-highgui4.5d=4.5.4+dfsg-9ubuntu4+jammy0","libopencv-imgcodecs-dev=4.5.4+dfsg-9ubuntu4+jammy0","libopencv-imgcodecs4.5d=4.5.4+dfsg-9ubuntu4+jammy0","libopencv-imgproc-dev=4.5.4+dfsg-9ubuntu4+jammy0","libopencv-imgproc4.5d=4.5.4+dfsg-9ubuntu4+jammy0","libopencv-ml-dev=4.5.4+dfsg-9ubuntu4+jammy0","libopencv-ml4.5d=4.5.4+dfsg-9ubuntu4+jammy0","libopencv-objdetect-dev=4.5.4+dfsg-9ubuntu4+jammy0","libopencv-objdetect4.5d=4.5.4+dfsg-9ubuntu4+jammy0","libopencv-photo-dev=4.5.4+dfsg-9ubuntu4+jammy0","libopencv-photo4.5d=4.5.4+dfsg-9ubuntu4+jammy0","libopencv-shape-dev=4.5.4+dfsg-9ubuntu4+jammy0","libopencv-shape4.5d=4.5.4+dfsg-9ubuntu4+jammy0","libopencv-stitching-dev=4.5.4+dfsg-9ubuntu4+jammy0","libopencv-stitching4.5d=4.5.4+dfsg-9ubuntu4+jammy0","libopencv-superres-dev=4.5.4+dfsg-9ubuntu4+jammy0","libopencv-superres4.5d=4.5.4+dfsg-9ubuntu4+jammy0","libopencv-video-dev=4.5.4+dfsg-9ubuntu4+jammy0","libopencv-video4.5d=4.5.4+dfsg-9ubuntu4+jammy0","libopencv-videoio-dev=4.5.4+dfsg-9ubuntu4+jammy0","libopencv-videoio4.5d=4.5.4+dfsg-9ubuntu4+jammy0","libopencv-videostab-dev=4.5.4+dfsg-9ubuntu4+jammy0","libopencv-videostab4.5d=4.5.4+dfsg-9ubuntu4+jammy0","libopencv-viz-dev=4.5.4+dfsg-9ubuntu4+jammy0","libopencv-viz4.5d=4.5.4+dfsg-9ubuntu4+jammy0","libopenexr-dev=2.5.7-1","libopenexr25=2.5.7-1","libopengl0=1.4.0-1","libopenjp2-7-dev=2.4.0-6","libopenjp2-7=2.4.0-6","libopenmpi-dev=4.1.2-2ubuntu1","libopenmpi3=4.1.2-2ubuntu1","libopenmpt0=0.6.1-1","libopus-dev=1.3.1-0.1build2","libopus0=1.3.1-0.1build2","liborc-0.4-0=1:0.4.32-2","libp11-kit0=0.24.0-6build1","libpackagekit-glib2-18=1.2.5-2ubuntu2","libpam-modules-bin=1.4.0-11ubuntu2.3","libpam-modules=1.4.0-11ubuntu2.3","libpam-runtime=1.4.0-11ubuntu2.3","libpam-systemd=249.11-0ubuntu3.12","libpam0g=1.4.0-11ubuntu2.3","libpango-1.0-0=1.50.6+ds-2ubuntu1","libpangocairo-1.0-0=1.50.6+ds-2ubuntu1","libpangoft2-1.0-0=1.50.6+ds-2ubuntu1","libpaper-utils=1.1.28build2","libpaper1=1.1.28build2","libpathplan4=2.42.2-6","libpciaccess0=0.16-3","libpcre16-3=2:8.39-13ubuntu0.22.04.1","libpcre2-16-0=10.39-3ubuntu0.1","libpcre2-32-0=10.39-3ubuntu0.1","libpcre2-8-0=10.39-3ubuntu0.1","libpcre2-dev=10.39-3ubuntu0.1","libpcre2-posix3=10.39-3ubuntu0.1","libpcre3-dev=2:8.39-13ubuntu0.22.04.1","libpcre32-3=2:8.39-13ubuntu0.22.04.1","libpcre3=2:8.39-13ubuntu0.22.04.1","libpcrecpp0v5=2:8.39-13ubuntu0.22.04.1","libpcsclite1=1.9.5-3ubuntu1","libperl5.34=5.34.0-3ubuntu1.2","libpgm-5.3-0=5.3.128~dfsg-2","libpgm-dev=5.3.128~dfsg-2","libpipeline1=1.5.5-1","libpixman-1-0=0.40.0-1ubuntu0.22.04.1","libpkgconf3=1.8.0-1","libpmem1=1.11.1-3build1","libpmemblk1=1.11.1-3build1","libpmemobj1=1.11.1-3build1","libpmix-dev=4.1.2-2ubuntu1","libpmix2=4.1.2-2ubuntu1","libpng-dev=1.6.37-3build5","libpng-tools=1.6.37-3build5","libpng16-16=1.6.37-3build5","libpocketsphinx3=0.8.0+real5prealpha+1-14ubuntu1","libpolkit-agent-1-0=0.105-33","libpolkit-gobject-1-0=0.105-33","libpoppler-dev=22.02.0-2ubuntu0.4","libpoppler-private-dev=22.02.0-2ubuntu0.4","libpoppler118=22.02.0-2ubuntu0.4","libpopt0=1.18-3build1","libpostproc55=7:4.4.2-0ubuntu0.22.04.1","libpq-dev=14.12-0ubuntu0.22.04.1","libpq5=14.12-0ubuntu0.22.04.1","libprocps8=2:3.3.17-6ubuntu2","libproj-dev=9.1.1-1~jammy0","libproj25=9.1.1-1~jammy0","libprotobuf-java=3.12.4-1ubuntu7.22.04.1","libprotobuf23=3.12.4-1ubuntu7.22.04.1","libprotoc23=3.12.4-1ubuntu7.22.04.1","libpsl5=0.21.0-1.2build2","libpsm-infinipath1=3.3+20.604758e7-6.1","libpsm2-2=11.2.185-1","libpthread-stubs0-dev=0.4-1build2","libpulse0=1:15.99.1+dfsg1-1ubuntu2.2","libpython3-dev=3.10.6-1~22.04","libpython3-stdlib=3.10.6-1~22.04","libpython3.10-dev=3.10.12-1~22.04.3","libpython3.10-minimal=3.10.12-1~22.04.3","libpython3.10-stdlib=3.10.12-1~22.04.3","libpython3.10=3.10.12-1~22.04.3","libqhull-dev=2020.2-4","libqhull-r8.0=2020.2-4","libqhull8.0=2020.2-4","libqhullcpp8.0=2020.2-4","libquadmath0=12.3.0-1ubuntu1~22.04","librabbitmq4=0.10.0-1ubuntu2","librados2=17.2.7-0ubuntu0.22.04.1","libraw1394-11=2.1.2-2build2","libraw1394-dev=2.1.2-2build2","librbd1=17.2.7-0ubuntu0.22.04.1","librdmacm1=39.0-1","libreadline-dev=8.1.2-1","libreadline8=8.1.2-1","librhash0=1.4.2-1ubuntu1","librsvg2-2=2.52.5+dfsg-3ubuntu0.2","librtmp1=2.4+20151223.gitfa8646d.1-2build4","librttopo-dev=1.1.0-2","librttopo1=1.1.0-2","librubberband2=2.0.0-2","libsamplerate0=0.2.2-1build1","libsasl2-2=2.1.27+dfsg2-3ubuntu1.2","libsasl2-modules-db=2.1.27+dfsg2-3ubuntu1.2","libsdl2-2.0-0=2.0.20+dfsg-2ubuntu1.22.04.1","libseccomp2=2.5.3-2ubuntu2","libselinux1=3.3-1build2","libsemanage-common=3.3-1build2","libsemanage2=3.3-1build2","libsensors-config=1:3.6.0-7ubuntu1","libsensors5=1:3.6.0-7ubuntu1","libsepol2=3.3-1build1","libserd-0-0=0.30.10-2","libshine3=3.1.1-2","libsigsegv2=2.13-1ubuntu3","libslang2=2.3.2-5build4","libsm6=2:1.2.3-1build2","libsmartcols1=2.37.2-4ubuntu3","libsnappy1v5=1.1.8-1build3","libsndfile1-dev=1.0.31-2ubuntu0.1","libsndfile1=1.0.31-2ubuntu0.1","libsndio7.0=1.8.1-1.1","libsocket++1=1.12.13+git20131030.5d039ba-1","libsodium-dev=1.0.18-1build2","libsodium23=1.0.18-1build2","libsord-0-0=0.16.8-2","libsoxr0=0.1.3-4build2","libspatialite-dev=5.0.1-3~jammy0","libspatialite7=5.0.1-3~jammy0","libspeex1=1.2~rc1.2-1.1ubuntu3","libsphinxbase3=0.8+5prealpha+1-13build1","libsqlite3-0=3.37.2-2ubuntu0.3","libsqlite3-dev=3.37.2-2ubuntu0.3","libsratom-0-0=0.6.8-1","libsrt1.4-gnutls=1.4.4-4","libss2=1.46.5-2ubuntu1.1","libssh-4=0.9.6-2ubuntu0.22.04.3","libssh-gcrypt-4=0.9.6-2ubuntu0.22.04.3","libssh2-1-dev=1.10.0-3","libssh2-1=1.10.0-3","libssl-dev=3.0.2-0ubuntu1.16","libssl3=3.0.2-0ubuntu1.16","libstdc++-11-dev=11.4.0-1ubuntu1~22.04","libstdc++6=12.3.0-1ubuntu1~22.04","libstemmer0d=2.2.0-1build1","libsuperlu-dev=5.3.0+dfsg1-2","libsuperlu5=5.3.0+dfsg1-2","libswresample-dev=7:4.4.2-0ubuntu0.22.04.1","libswresample3=7:4.4.2-0ubuntu0.22.04.1","libswscale-dev=7:4.4.2-0ubuntu0.22.04.1","libswscale5=7:4.4.2-0ubuntu0.22.04.1","libsystemd0=249.11-0ubuntu3.12","libsz2=1.0.6-1","libtasn1-6=4.18.0-4build1","libtbb-dev=2021.5.0-7ubuntu2","libtbb12=2021.5.0-7ubuntu2","libtbbmalloc2=2021.5.0-7ubuntu2","libtcl8.6=8.6.12+dfsg-1build1","libtcmalloc-minimal4=2.9.1-0ubuntu3","libtesseract4=4.1.1-2.1build1","libthai-data=0.1.29-1build1","libthai0=0.1.29-1build1","libtheora0=1.1.1+dfsg.1-15ubuntu4","libtiff-dev=4.3.0-6ubuntu0.9","libtiff5=4.3.0-6ubuntu0.9","libtiffxx5=4.3.0-6ubuntu0.9","libtime-duration-perl=1.21-1","libtimedate-perl=2.3300-2","libtinfo6=6.3-2ubuntu0.1","libtirpc-common=1.3.2-2ubuntu0.1","libtirpc-dev=1.3.2-2ubuntu0.1","libtirpc3=1.3.2-2ubuntu0.1","libtk8.6=8.6.12-1build1","libtsan0=11.4.0-1ubuntu1~22.04","libturbojpeg=2.1.2-0ubuntu1","libtwolame0=0.4.0-2build2","libubsan1=12.3.0-1ubuntu1~22.04","libuchardet0=0.0.7-1build2","libucx0=1.12.1~rc2-1","libudev1=249.11-0ubuntu3.10","libudfread0=1.1.2-1","libudunits2-0=2.2.28-3","libudunits2-data=2.2.28-3","libudunits2-dev=2.2.28-3","libunistring2=1.0-1","libunwind8=1.3.2-2build2.1","liburiparser-dev=0.9.6+dfsg-1","liburiparser1=0.9.6+dfsg-1","libusb-1.0-0=2:1.0.25-1ubuntu2","libutempter0=1.2.1-2build2","libuuid1=2.37.2-4ubuntu3.4","libuv1=1.43.0-1ubuntu0.1","libva-drm2=2.14.0-1","libva-x11-2=2.14.0-1","libva2=2.14.0-1","libvdpau1=1.4-3build2","libvidstab1.1=1.1.0-2","libvorbis-dev=1.3.7-1build2","libvorbis0a=1.3.7-1build2","libvorbisenc2=1.3.7-1build2","libvorbisfile3=1.3.7-1build2","libvpx7=1.11.0-2ubuntu2.3","libvtk9.1=9.1.0+really9.1.0+dfsg2-3build1+jammy0","libwayland-client0=1.20.0-1ubuntu0.1","libwayland-cursor0=1.20.0-1ubuntu0.1","libwayland-egl1=1.20.0-1ubuntu0.1","libwayland-server0=1.20.0-1ubuntu0.1","libwebp-dev=1.2.2-2ubuntu0.22.04.2","libwebp7=1.2.2-2ubuntu0.22.04.2","libwebpdemux2=1.2.2-2ubuntu0.22.04.2","libwebpmux3=1.2.2-2ubuntu0.22.04.2","libx11-6=2:1.7.5-1ubuntu0.3","libx11-data=2:1.7.5-1ubuntu0.3","libx11-dev=2:1.7.5-1ubuntu0.3","libx11-xcb1=2:1.7.5-1ubuntu0.3","libx264-163=2:0.163.3060+git5db6aa6-2build1","libx265-199=3.5-2","libx265-dev=3.5-2","libxau-dev=1:1.0.9-1build5","libxau6=1:1.0.9-1build5","libxaw7=2:1.0.14-1","libxcb-dri2-0=1.14-3ubuntu3","libxcb-dri3-0=1.14-3ubuntu3","libxcb-glx0=1.14-3ubuntu3","libxcb-present0=1.14-3ubuntu3","libxcb-randr0=1.14-3ubuntu3","libxcb-render0=1.14-3ubuntu3","libxcb-shape0=1.14-3ubuntu3","libxcb-shm0=1.14-3ubuntu3","libxcb-sync1=1.14-3ubuntu3","libxcb-xfixes0=1.14-3ubuntu3","libxcb1-dev=1.14-3ubuntu3","libxcb1=1.14-3ubuntu3","libxcomposite1=1:0.4.5-1build2","libxcursor1=1:1.2.0-2build4","libxdamage1=1:1.1.5-2build2","libxdmcp-dev=1:1.1.3-0ubuntu5","libxdmcp6=1:1.1.3-0ubuntu5","libxerces-c-dev=3.2.3+debian-3ubuntu0.1","libxerces-c3.2=3.2.3+debian-3ubuntu0.1","libxext-dev=2:1.3.4-1build1","libxext6=2:1.3.4-1build1","libxfixes3=1:6.0.0-1","libxft-dev=2.3.4-1","libxft2=2.3.4-1","libxi6=2:1.8-1build1","libxinerama1=2:1.1.4-3","libxkbcommon0=1.4.0-1","libxml2-dev=2.9.13+dfsg-1ubuntu0.4","libxml2=2.9.13+dfsg-1ubuntu0.4","libxmlb2=0.3.6-2build1","libxmu6=2:1.1.3-3","libxmuu1=2:1.1.3-3","libxnvctrl0=555.42.02-0ubuntu1","libxpm4=1:3.5.12-1ubuntu0.22.04.2","libxrandr2=2:1.5.2-1build1","libxrender-dev=1:0.9.10-1build4","libxrender1=1:0.9.10-1build4","libxshmfence1=1.3-1build4","libxslt1.1=1.1.34-4ubuntu0.22.04.1","libxss-dev=1:1.2.3-1build2","libxss1=1:1.2.3-1build2","libxt6=1:1.2.1-1","libxtables12=1.8.7-1ubuntu5.2","libxv1=2:1.0.11-1build2","libxvidcore4=2:1.3.7-1","libxxf86vm1=1:1.1.4-1build3","libxxhash0=0.8.1-1","libyaml-0-2=0.2.2-1build2","libzimg2=3.0.3+ds1-1","libzmq3-dev=4.3.4-2","libzmq5=4.3.4-2","libzstd-dev=1.4.8+dfsg-3build1","libzstd1=1.4.8+dfsg-3build1","libzvbi-common=0.2.35-19","libzvbi0=0.2.35-19","linux-headers-5.15.0-113-generic=5.15.0-113.123","linux-headers-5.15.0-113=5.15.0-113.123","linux-headers-generic=5.15.0.113.113","linux-libc-dev=5.15.0-88.98","llvm-14-linker-tools=1:14.0.0-1ubuntu1.1","locales=2.35-0ubuntu3.8","login=1:4.8.1-2ubuntu2.1","logsave=1.46.5-2ubuntu1.1","lsb-base=11.1.0ubuntu4","lsb-release=11.1.0ubuntu4","lsof=4.93.2+dfsg-1.1build2","lto-disabled-list=24","m4=1.4.18-5ubuntu2","make=4.3-4.1build1","man-db=2.10.2-1","manpages-dev=5.10-1ubuntu1","manpages-posix-dev=2017a-2","manpages-posix=2017a-2","manpages=5.10-1ubuntu1","mawk=1.3.4.20200120-3","media-types=7.0.0","moreutils=0.66-1","mount=2.37.2-4ubuntu3","mpi-default-bin=1.14","mpi-default-dev=1.14","mysql-common=5.8+1.0.8","ncurses-base=6.3-2ubuntu0.1","ncurses-bin=6.3-2ubuntu0.1","nsight-compute-2023.2.2=2023.2.2.3-1","nvidia-opencl-dev=11.5.1-1ubuntu1","ocl-icd-libopencl1=2.2.14-3","ocl-icd-opencl-dev=2.2.14-3","opencl-c-headers=3.0~2022.01.04-1","opencl-clhpp-headers=3.0~2.0.15-1ubuntu1","openjdk-11-jdk-headless=11.0.23+9-1ubuntu1~22.04.1","openjdk-11-jre-headless=11.0.23+9-1ubuntu1~22.04.1","openmpi-bin=4.1.2-2ubuntu1","openmpi-common=4.1.2-2ubuntu1","openssh-client=1:8.9p1-3ubuntu0.7","openssl=3.0.2-0ubuntu1.12","p7zip-full=16.02+dfsg-8","p7zip=16.02+dfsg-8","packagekit=1.2.5-2ubuntu2","pandoc-data=2.9.2.1-3ubuntu2","pandoc=2.9.2.1-3ubuntu2","passwd=1:4.8.1-2ubuntu2.1","patch=2.7.6-7build2","perl-base=5.34.0-3ubuntu1.2","perl-modules-5.34=5.34.0-3ubuntu1.2","perl=5.34.0-3ubuntu1.2","pinentry-curses=1.1.1-1build2","pkexec=0.105-33","pkgconf=1.8.0-1","policykit-1=0.105-33","polkitd=0.105-33","procps=2:3.3.17-6ubuntu2","proj-data=9.1.1-1~jammy0","protobuf-compiler=3.12.4-1ubuntu7.22.04.1","psmisc=23.4-2build3","python-apt-common=2.4.0ubuntu3","python3-apt=2.4.0ubuntu3","python3-blinker=1.4+dfsg1-0.4","python3-cffi-backend=1.15.0-1build2","python3-cryptography=3.4.8-1ubuntu2.2","python3-dbus=1.2.18-3build1","python3-dev=3.10.6-1~22.04","python3-distro=1.7.0-1","python3-distutils=3.10.8-1~22.04","python3-gi=3.42.1-0ubuntu1","python3-httplib2=0.20.2-2","python3-importlib-metadata=4.6.4-1","python3-jeepney=0.7.1-3","python3-jwt=2.3.0-1ubuntu0.2","python3-keyring=23.5.0-1","python3-launchpadlib=1.10.16-1","python3-lazr.restfulclient=0.14.4-1","python3-lazr.uri=1.0.6-2","python3-lib2to3=3.10.8-1~22.04","python3-minimal=3.10.6-1~22.04","python3-more-itertools=8.10.0-2","python3-oauthlib=3.2.0-1ubuntu0.1","python3-pkg-resources=59.6.0-1.2ubuntu0.22.04.1","python3-pyparsing=2.4.7-1","python3-secretstorage=3.3.1-1","python3-six=1.16.0-3ubuntu1","python3-software-properties=0.99.22.9","python3-tk=3.10.8-1~22.04","python3-wadllib=1.3.6-1","python3-zipp=1.0.0-3","python3.10-dev=3.10.12-1~22.04.3","python3.10-minimal=3.10.12-1~22.04.3","python3.10=3.10.12-1~22.04.3","python3=3.10.6-1~22.04","r-base-core=4.4.1-1.2204.0","r-base-dev=4.4.1-1.2204.0","r-base=4.4.1-1.2204.0","r-cran-askpass=1.2.0-1cran1.2204.0","r-cran-backports=1.4.1-1cran1.2204.0","r-cran-base64enc=0.1-3-3","r-cran-bit64=4.0.5-1cran1.2204.0","r-cran-bit=4.0.4+dfsg-1","r-cran-blob=1.2.4-1cran1.2204.0","r-cran-boot=1.3-30-1.2204.0","r-cran-brew=1.0-10-1cran1.2204.0","r-cran-brio=1.1.4-1cran1.2204.0","r-cran-broom=1.0.5-1cran1.2204.0","r-cran-bslib=0.6.1-1cran1.2204.0","r-cran-cachem=1.0.8-1cran1.2204.0","r-cran-callr=3.7.3-1cran1.2204.0","r-cran-cellranger=1.1.0-3","r-cran-class=7.3-22-2.2204.0","r-cran-cli=3.6.2-1cran1.2204.0","r-cran-clipr=0.8.0-1cran1.2204.0","r-cran-cluster=2.1.6-1.2204.0","r-cran-codetools=0.2-19-1.2204.0","r-cran-colorspace=2.1-0-1cran1.2204.0","r-cran-commonmark=1.9.1-1cran1.2204.0","r-cran-conflicted=1.2.0-1cran1.2204.0","r-cran-cpp11=0.4.7-1cran1.2204.0","r-cran-crayon=1.5.2-1cran1.2204.0","r-cran-credentials=2.0.1-1cran1.2204.0","r-cran-curl=5.0.2-1cran1.2204.0","r-cran-data.table=1.15.0-1cran1.2204.0","r-cran-dbi=1.2.1-1cran1.2204.0","r-cran-dbplyr=2.4.0-1cran1.2204.0","r-cran-desc=1.4.3-1cran1.2204.0","r-cran-devtools=2.4.3-1cran1.2204.0","r-cran-diffobj=0.3.5-1cran1.2204.0","r-cran-digest=0.6.34-1cran1.2204.0","r-cran-dplyr=1.1.4-1cran1.2204.0","r-cran-dtplyr=1.3.1-1cran1.2204.0","r-cran-ellipsis=0.3.2-2","r-cran-evaluate=0.23-1cran1.2204.0","r-cran-fansi=1.0.6-1cran1.2204.0","r-cran-farver=2.1.1-1cran1.2204.0","r-cran-fastmap=1.1.1-1cran1.2204.0","r-cran-fontawesome=0.5.2-1cran1.2204.0","r-cran-forcats=1.0.0-1cran1.2204.0","r-cran-foreign=0.8.86-1.2204.0","r-cran-fs=1.6.3-1cran1.2204.0","r-cran-gargle=1.5.1-1cran1.2204.0","r-cran-generics=0.1.3-1cran1.2204.0","r-cran-gert=2.0.1-1cran1.2204.0","r-cran-ggplot2=3.4.4-1cran1.2204.0","r-cran-gh=1.4.0-1cran1.2204.0","r-cran-gitcreds=0.1.2-1cran1.2204.0","r-cran-glue=1.7.0-1cran1.2204.0","r-cran-googledrive=2.1.1-1cran1.2204.0","r-cran-googlesheets4=1.1.1-1cran1.2204.0","r-cran-gtable=0.3.4-1cran1.2204.0","r-cran-haven=2.5.4-1cran1.2204.0","r-cran-highr=0.9+dfsg-1","r-cran-hms=1.1.3-1cran1.2204.0","r-cran-htmltools=0.5.7-1cran1.2204.0","r-cran-httr2=1.0.0-1cran1.2204.0","r-cran-httr=1.4.7-1cran1.2204.0","r-cran-ids=1.0.1-2","r-cran-ini=0.3.1-2build1","r-cran-isoband=0.2.6-1cran1.2204.0","r-cran-jquerylib=0.1.4+dfsg-3","r-cran-jsonlite=1.8.8-1cran1.2204.0","r-cran-kernsmooth=2.23-24-1.2204.0","r-cran-knitr=1.45-1cran1.2204.0","r-cran-labeling=0.4.3-1cran1.2204.0","r-cran-lattice=0.22-5-1.2204.0","r-cran-lifecycle=1.0.4-1cran1.2204.0","r-cran-lubridate=1.9.3-1cran1.2204.0","r-cran-magrittr=2.0.3-1cran1.2204.0","r-cran-mass=7.3-60.0.1-1cran1.2204.0","r-cran-matrix=1.6-5-1.2204.0","r-cran-memoise=2.0.1-1cran1.2204.0","r-cran-mgcv=1.9-1-1.2204.0","r-cran-mime=0.12-1cran1.2204.0","r-cran-modelr=0.1.11-1cran1.2204.0","r-cran-munsell=0.5.0-2build1","r-cran-nlme=3.1.165-1.2204.0","r-cran-nnet=7.3-19-2.2204.0","r-cran-openssl=2.0.6-1cran1.2204.0","r-cran-pillar=1.9.0-1cran1.2204.0","r-cran-pkgbuild=1.4.3-1cran1.2204.0","r-cran-pkgconfig=2.0.3-2build1","r-cran-pkgload=1.3.4-1cran1.2204.0","r-cran-praise=1.0.0-4build1","r-cran-prettyunits=1.2.0-1cran1.2204.0","r-cran-processx=3.8.3-1cran1.2204.0","r-cran-progress=1.2.3-1cran1.2204.0","r-cran-ps=1.7.6-1cran1.2204.0","r-cran-purrr=1.0.2-1cran1.2204.0","r-cran-r6=2.5.1-1cran1.2204.0","r-cran-ragg=1.2.5-5cran1.2204.0","r-cran-rappdirs=0.3.3-1cran1.2204.0","r-cran-rcmdcheck=1.4.0-2","r-cran-rcolorbrewer=1.1-3-1cran1.2204.0","r-cran-readr=2.1.5-1cran1.2204.0","r-cran-readxl=1.4.3-1cran1.2204.0","r-cran-rematch2=2.1.2-2build1","r-cran-rematch=2.0.0-1cran1.2204.0","r-cran-remotes=2.4.2.1-1cran1.2204.0","r-cran-reprex=2.1.0-1cran1.2204.0","r-cran-rlang=1.1.3-1cran1.2204.0","r-cran-rmarkdown=2.25-1cran1.2204.0","r-cran-roxygen2=7.3.1-1cran1.2204.0","r-cran-rpart=4.1.23-1.2204.0","r-cran-rprojroot=2.0.4-1cran1.2204.0","r-cran-rstudioapi=0.15.0-1cran1.2204.0","r-cran-rversions=2.1.2-1cran1.2204.0","r-cran-rvest=1.0.3-1cran1.2204.0","r-cran-sass=0.4.8-1cran1.2204.0","r-cran-scales=1.3.0-1cran1.2204.0","r-cran-selectr=0.4-2-2build1","r-cran-sessioninfo=1.2.2-1cran1.2204.0","r-cran-spatial=7.3-17-1cran1.2204.0","r-cran-stringi=1.8.3-1cran1.2204.0","r-cran-stringr=1.5.1-1cran1.2204.0","r-cran-survival=3.7-0-1.2204.0","r-cran-svglite=2.1.3-1cran1.2204.0","r-cran-sys=3.4.2-1cran1.2204.0","r-cran-systemfonts=1.0.5-1cran1.2204.0","r-cran-testthat=3.2.1-1cran1.2204.0","r-cran-textshaping=0.3.6-2cran1.2204.0","r-cran-tibble=3.2.1+dfsg-3cran1.2204.0","r-cran-tidyr=1.3.1-1cran1.2204.0","r-cran-tidyselect=1.2.0-1cran1.2204.0","r-cran-tidyverse=2.0.0-1cran1.2204.0","r-cran-timechange=0.3.0-1cran1.2204.0","r-cran-tinytex=0.49-1cran1.2204.0","r-cran-tzdb=0.4.0-1cran1.2204.0","r-cran-usethis=2.2.2-1cran1.2204.0","r-cran-utf8=1.2.4-1cran1.2204.0","r-cran-uuid=1.2-0-1cran1.2204.0","r-cran-vctrs=0.6.5-1cran1.2204.0","r-cran-viridislite=0.4.2-1cran1.2204.0","r-cran-vroom=1.6.5-1cran1.2204.0","r-cran-waldo=0.5.2-1cran1.2204.0","r-cran-whisker=0.4-2","r-cran-withr=3.0.0-1cran1.2204.0","r-cran-xfun=0.41-1cran1.2204.0","r-cran-xml2=1.3.6-1cran1.2204.0","r-cran-xopen=1.0.0-2build1","r-cran-yaml=2.3.8-1cran1.2204.0","r-cran-zip=2.3.0-1cran1.2204.0","r-recommended=4.4.1-1.2204.0","readline-common=8.1.2-1","rename=1.30-1","rpcsvc-proto=1.4.2-0ubuntu6","rsync=3.2.7-0ubuntu0.22.04.2","sed=4.8-1ubuntu2","sensible-utils=0.0.17","shared-mime-info=2.1-2","software-properties-common=0.99.22.9","sudo=1.9.9-1ubuntu2.4","systemd-sysv=249.11-0ubuntu3.12","systemd=249.11-0ubuntu3.12","sysvinit-utils=3.01-1ubuntu1","tar=1.34+dfsg-1ubuntu0.1.22.04.1","tcl-dev=8.6.11+1build2","tcl8.6-dev=8.6.12+dfsg-1build1","tcl8.6=8.6.12+dfsg-1build1","tcl=8.6.11+1build2","tcllib=1.20+dfsg-1","tk-dev=8.6.11+1build2","tk8.6-blt2.5=2.5.3+dfsg-4.1build2","tk8.6-dev=8.6.12-1build1","tk8.6=8.6.12-1build1","tk=8.6.11+1build2","tmux=3.2a-4ubuntu0.2","tzdata=2024a-0ubuntu0.22.04","ubuntu-keyring=2021.03.26","ubuntu-mono=20.10-0ubuntu2","ucf=3.0043","unixodbc-common=2.3.9-5ubuntu0.1","unixodbc-dev=2.3.9-5ubuntu0.1","unrar=1:6.1.5-1","unzip=6.0-26ubuntu3.2","usrmerge=25ubuntu2","util-linux=2.37.2-4ubuntu3","uuid-dev=2.37.2-4ubuntu3.4","vim-common=2:8.2.3995-1ubuntu2.17","vim-runtime=2:8.2.3995-1ubuntu2.17","vim=2:8.2.3995-1ubuntu2.17","wget=1.21.2-2ubuntu1.1","x11-common=1:7.7+23ubuntu2","x11proto-dev=2021.5-1","xauth=1:1.1-1build2","xdg-utils=1.1.3-4.1ubuntu3~22.04.1","xkb-data=2.33-1","xorg-sgml-doctools=1:1.11-1.1","xsel=1.2.0+git9bfc13d.20180109-3","xtrans-dev=1.4.0-1","xxd=2:8.2.3995-1ubuntu2.17","xz-utils=5.2.5-2ubuntu1","zip=3.0-12build2","zlib1g-dev=1:1.2.11.dfsg-2ubuntu9.2","zlib1g=1:1.2.11.dfsg-2ubuntu9.2"]},"type":"os_packages"}
{"payload":{"command":["main.py","--RUN","train","--MODEL_CONFIG","action_generator","--DATASET","atis-slot","--SPLIT","train+valid"],"env":null,"hostname":"65033581aa3e","ip":"172.28.0.12","machine":"x86_64","message_id":6,"os":"Linux-6.1.85+-x86_64-with-glibc2.35","os_release":"6.1.85+","os_type":"Linux","pid":42693,"processor":"x86_64","python_exe":"/usr/bin/python3","python_version":"3.10.12","python_version_verbose":"3.10.12 (main, Nov 20 2023, 15:14:05) [GCC 11.4.0]","user":"root"},"type":"system_details"}
{"payload":{"gpu_static_info":[{"gpu_index":0,"name":"Tesla T4","power_limit":70000,"total_memory":16106127360,"uuid":"GPU-7b0cf6e6-0623-314d-9de7-f5439d7905a4"}],"message_id":7},"type":"gpu_static_info"}
{"payload":{"local_timestamp":1719761934950,"message_id":8,"metric":{"epoch":null,"metricName":"sys.gpu.0.total_memory","metricValue":16106127360,"step":null}},"type":"metric_msg"}
{"payload":{"local_timestamp":1719761934952,"message_id":9,"param":{"paramName":"RUN","paramValue":"train","source":"cli","step":null}},"type":"parameter_msg"}
{"payload":{"local_timestamp":1719761934952,"message_id":10,"param":{"paramName":"MODEL_CONFIG","paramValue":"action_generator","source":"cli","step":null}},"type":"parameter_msg"}
{"payload":{"local_timestamp":1719761934952,"message_id":11,"param":{"paramName":"DATASET","paramValue":"atis-slot","source":"cli","step":null}},"type":"parameter_msg"}
{"payload":{"local_timestamp":1719761934952,"message_id":12,"param":{"paramName":"SPLIT","paramValue":"train+valid","source":"cli","step":null}},"type":"parameter_msg"}
{"payload":{"key":"offline_experiment","message_id":13,"value":true},"type":"log_other"}
{"payload":{"key":"Created from","message_id":14,"value":"pytorch-lightning"},"type":"log_other"}
{"payload":{"key":"Name","message_id":15,"value":"linear-transformers-causal_default_55759993"},"type":"log_other"}
{"payload":{"local_timestamp":1719761934958,"message_id":16,"metric":{"epoch":null,"metricName":"sys.gpu.0.gpu_utilization","metricValue":0,"step":null}},"type":"metric_msg"}
{"payload":{"local_timestamp":1719761934958,"message_id":17,"metric":{"epoch":null,"metricName":"sys.gpu.0.power_usage","metricValue":31471,"step":null}},"type":"metric_msg"}
{"payload":{"local_timestamp":1719761934958,"message_id":18,"metric":{"epoch":null,"metricName":"sys.gpu.0.temperature","metricValue":69,"step":null}},"type":"metric_msg"}
{"payload":{"local_timestamp":1719761934958,"message_id":19,"metric":{"epoch":null,"metricName":"sys.gpu.0.memory_utilization","metricValue":0,"step":null}},"type":"metric_msg"}
{"payload":{"local_timestamp":1719761934958,"message_id":20,"metric":{"epoch":null,"metricName":"sys.gpu.0.free_memory","metricValue":15727656960,"step":null}},"type":"metric_msg"}
{"payload":{"local_timestamp":1719761934958,"message_id":21,"metric":{"epoch":null,"metricName":"sys.gpu.0.used_memory","metricValue":378470400,"step":null}},"type":"metric_msg"}
{"payload":{"local_timestamp":1719761934958,"message_id":22,"metric":{"epoch":null,"metricName":"sys.gpu.0.percent.used_memory","metricValue":2.349853515625,"step":null}},"type":"metric_msg"}
{"payload":{"local_timestamp":1719761935066,"message_id":23,"metric":{"epoch":null,"metricName":"sys.cpu.percent.avg","metricValue":69.45,"step":null}},"type":"metric_msg"}
{"payload":{"local_timestamp":1719761935067,"message_id":24,"metric":{"epoch":null,"metricName":"sys.ram.total","metricValue":13609431040,"step":null}},"type":"metric_msg"}
{"payload":{"local_timestamp":1719761935067,"message_id":25,"metric":{"epoch":null,"metricName":"sys.ram.used","metricValue":4154384384,"step":null}},"type":"metric_msg"}
{"payload":{"local_timestamp":1719761935067,"message_id":26,"metric":{"epoch":null,"metricName":"sys.ram.available","metricValue":9455046656,"step":null}},"type":"metric_msg"}
{"payload":{"local_timestamp":1719761935067,"message_id":27,"metric":{"epoch":null,"metricName":"sys.ram.percent.used","metricValue":30.5,"step":null}},"type":"metric_msg"}
{"payload":{"local_timestamp":1719761935067,"message_id":28,"metric":{"epoch":null,"metricName":"sys.load.avg","metricValue":0.88818359375,"step":null}},"type":"metric_msg"}
{"payload":{"git_metadata":{"branch":"refs/heads/main","origin":"https://github.com/pkhdipraja/tapir.git","parent":"97cedf6f7b85c54a32eb0dffc9a20f69168f9a15","repo_name":"tapir","root":"6a79fb28182492d527d1ade19ff9672c155596ef","status":null,"user":null},"message_id":29},"type":"git_metadata"}
{"payload":{"local_timestamp":1719761935272,"message_id":30,"metric":{"epoch":null,"metricName":"sys.disk.root.used","metricValue":35386220544,"step":null}},"type":"metric_msg"}
{"payload":{"local_timestamp":1719761935273,"message_id":31,"metric":{"epoch":null,"metricName":"sys.disk.root.percent.used","metricValue":16.4,"step":null}},"type":"metric_msg"}
{"payload":{"local_timestamp":1719761935314,"message_id":32,"output":"LOCAL_RANK: 0 - CUDA_VISIBLE_DEVICES: [0]\n","stderr":true},"type":"standard_output"}
{"payload":{"additional_params":null,"clean":true,"file_path":"tmp6z1s8f8c..zip","local_timestamp":1719761935345,"message_id":33,"metadata":{},"upload_type":"git-patch"},"type":"file_upload"}
{"payload":{"graph":"LinearCausalEncoderLabelling(\n  (encoder): LinearCausalEncoderLabelling(\n    (encoder): TransformerEncoder(\n      (layers): ModuleList(\n        (0): TransformerEncoderLayer(\n          (attention): AttentionLayer(\n            (inner_attention): CausalLinearAttention(\n              (feature_map): ActivationFunctionFeatureMap()\n            )\n            (query_projection): Linear(in_features=512, out_features=512, bias=True)\n            (key_projection): Linear(in_features=512, out_features=512, bias=True)\n            (value_projection): Linear(in_features=512, out_features=512, bias=True)\n            (out_projection): Linear(in_features=512, out_features=512, bias=True)\n          )\n          (linear1): Linear(in_features=512, out_features=2048, bias=True)\n          (linear2): Linear(in_features=2048, out_features=512, bias=True)\n          (norm1): LayerNorm((512,), eps=1e-05, elementwise_affine=True)\n          (norm2): LayerNorm((512,), eps=1e-05, elementwise_affine=True)\n          (dropout): Dropout(p=0.1, inplace=False)\n        )\n      )\n      (norm): LayerNorm((512,), eps=1e-05, elementwise_affine=True)\n    )\n    (embedding): Embedding(901, 300)\n    (proj): Linear(in_features=300, out_features=512, bias=True)\n    (position): PositionalEncoding(\n      (dropout): Dropout(p=0.1, inplace=False)\n    )\n  )\n  (out_proj): Linear(in_features=512, out_features=128, bias=True)\n  (loss): CrossEntropyLoss()\n)","message_id":34},"type":"graph"}
{"payload":{"local_timestamp":1719761935594,"message_id":35,"output":"\n  | Name     | Type                         | Params\n----------------------------------------------------------\n0 | encoder  | LinearCausalEncoderLabelling | 3.6 M \n1 | out_proj | Linear                       | 65.7 K\n2 | loss     | CrossEntropyLoss             | 0     \n----------------------------------------------------------\n3.6 M     Trainable params\n0         Non-trainable params\n3.6 M     Total params\n14.574    Total estimated model params size (MB)\n","stderr":true},"type":"standard_output"}
{"payload":{"local_timestamp":1719761935597,"message_id":36,"output":"\rSanity Checking: |          | 0/? [00:00<?, ?it/s]","stderr":false},"type":"standard_output"}
{"payload":{"local_timestamp":1719761935601,"message_id":37,"output":"/usr/local/lib/python3.10/dist-packages/torch/utils/data/dataloader.py:558: UserWarning: This DataLoader will create 4 worker processes in total. Our suggested max number of worker in current system is 2, which is smaller than what this DataLoader is going to create. Please be aware that excessive worker creation might get DataLoader running slow or even freeze, lower the worker number to avoid potential slowness/freeze if necessary.\n  warnings.warn(_create_warning_msg(\n","stderr":true},"type":"standard_output"}
{"payload":{"local_timestamp":1719761935861,"message_id":38,"output":"\rSanity Checking:   0%|          | 0/2 [00:00<?, ?it/s]","stderr":false},"type":"standard_output"}
{"payload":{"local_timestamp":1719761935862,"message_id":39,"output":"\rSanity Checking DataLoader 0:   0%|          | 0/2 [00:00<?, ?it/s]","stderr":false},"type":"standard_output"}
{"payload":{"local_timestamp":1719761937141,"message_id":40,"output":"\u001b[1;38;5;39mCOMET INFO:\u001b[0m ---------------------------------------------------------------------------------------\n","stderr":true},"type":"standard_output"}
{"payload":{"local_timestamp":1719761937141,"message_id":41,"output":"\u001b[1;38;5;39mCOMET INFO:\u001b[0m Comet.ml OfflineExperiment Summary\n","stderr":true},"type":"standard_output"}
{"payload":{"local_timestamp":1719761937141,"message_id":42,"output":"\u001b[1;38;5;39mCOMET INFO:\u001b[0m ---------------------------------------------------------------------------------------\n","stderr":true},"type":"standard_output"}
{"payload":{"local_timestamp":1719761937141,"message_id":43,"output":"\u001b[1;38;5;39mCOMET INFO:\u001b[0m   Data:\n","stderr":true},"type":"standard_output"}
{"payload":{"local_timestamp":1719761937142,"message_id":44,"output":"\u001b[1;38;5;39mCOMET INFO:\u001b[0m     display_summary_level : 1\n","stderr":true},"type":"standard_output"}
{"payload":{"local_timestamp":1719761937142,"message_id":45,"output":"\u001b[1;38;5;39mCOMET INFO:\u001b[0m     name                  : linear-transformers-causal_default_55759993\n","stderr":true},"type":"standard_output"}
{"payload":{"local_timestamp":1719761937142,"message_id":46,"output":"\u001b[1;38;5;39mCOMET INFO:\u001b[0m     url                   : [OfflineExperiment will get URL after upload]\n","stderr":true},"type":"standard_output"}
{"payload":{"local_timestamp":1719761937143,"message_id":47,"output":"\u001b[1;38;5;39mCOMET INFO:\u001b[0m   Others:\n","stderr":true},"type":"standard_output"}
{"payload":{"local_timestamp":1719761937144,"message_id":48,"output":"\u001b[1;38;5;39mCOMET INFO:\u001b[0m     Created from       : pytorch-lightning\n","stderr":true},"type":"standard_output"}
{"payload":{"local_timestamp":1719761937145,"message_id":49,"output":"\u001b[1;38;5;39mCOMET INFO:\u001b[0m     Name               : linear-transformers-causal_default_55759993\n","stderr":true},"type":"standard_output"}
{"payload":{"local_timestamp":1719761937145,"message_id":50,"output":"\u001b[1;38;5;39mCOMET INFO:\u001b[0m     offline_experiment : True\n","stderr":true},"type":"standard_output"}
{"payload":{"local_timestamp":1719761937147,"message_id":51,"output":"\u001b[1;38;5;39mCOMET INFO:\u001b[0m   Uploads:\n","stderr":true},"type":"standard_output"}
{"payload":{"local_timestamp":1719761937147,"message_id":52,"output":"\u001b[1;38;5;39mCOMET INFO:\u001b[0m     environment details      : 1\n","stderr":true},"type":"standard_output"}
{"payload":{"local_timestamp":1719761937147,"message_id":53,"output":"\u001b[1;38;5;39mCOMET INFO:\u001b[0m     filename                 : 1\n","stderr":true},"type":"standard_output"}
{"payload":{"local_timestamp":1719761937147,"message_id":54,"output":"\u001b[1;38;5;39mCOMET INFO:\u001b[0m     git metadata             : 1\n","stderr":true},"type":"standard_output"}
{"payload":{"local_timestamp":1719761937147,"message_id":55,"output":"\u001b[1;38;5;39mCOMET INFO:\u001b[0m     git-patch (uncompressed) : 1 (21.21 KB)\n","stderr":true},"type":"standard_output"}
{"payload":{"local_timestamp":1719761937147,"message_id":56,"output":"\u001b[1;38;5;39mCOMET INFO:\u001b[0m     installed packages       : 1\n","stderr":true},"type":"standard_output"}
{"payload":{"local_timestamp":1719761937147,"message_id":57,"output":"\u001b[1;38;5;39mCOMET INFO:\u001b[0m     model graph              : 1\n","stderr":true},"type":"standard_output"}
{"payload":{"local_timestamp":1719761937147,"message_id":58,"output":"\u001b[1;38;5;39mCOMET INFO:\u001b[0m     os packages              : 1\n","stderr":true},"type":"standard_output"}
{"payload":{"local_timestamp":1719761937148,"message_id":59,"output":"\u001b[1;38;5;39mCOMET INFO:\u001b[0m     source_code              : 2 (18.12 KB)\n","stderr":true},"type":"standard_output"}
{"payload":{"local_timestamp":1719761937148,"message_id":60,"output":"\u001b[1;38;5;39mCOMET INFO:\u001b[0m \n","stderr":true},"type":"standard_output"}
